{"cameraMode":{"drawMode":0,"name":"Shaded","section":"Shading Mode"},"sceneLighting":false,"audioPlay":false,"sceneViewState":{"m_AlwaysRefresh":false,"showFog":true,"showSkybox":false,"showFlares":true,"showImageEffects":true,"showParticleSystems":true,"showVisualEffectGraphs":true,"m_FxEnabled":true},"in2DMode":false,"pivot":{"x":-4.76837158203125e-7,"y":1.5442392826080323,"z":0.003265678882598877},"rotation":{"x":0.006389033980667591,"y":-0.9274868369102478,"z":0.3734753727912903,"w":0.01586698181927204},"size":2.554849863052368,"orthographic":false}