{"cameraMode":{"drawMode":0,"name":"Shaded","section":"Shading Mode"},"sceneLighting":false,"audioPlay":false,"sceneViewState":{"m_AlwaysRefresh":false,"showFog":true,"showSkybox":false,"showFlares":true,"showImageEffects":true,"showParticleSystems":true,"showVisualEffectGraphs":true,"m_FxEnabled":true},"in2DMode":false,"pivot":{"x":-0.9839334487915039,"y":1.334020733833313,"z":-8.912986755371094},"rotation":{"x":0.01062810979783535,"y":0.9420095682144165,"z":-0.33408161997795107,"w":0.02996724657714367},"size":0.07049507647752762,"orthographic":false}