{"cameraMode":{"drawMode":0,"name":"Shaded","section":"Shading Mode"},"sceneLighting":true,"audioPlay":false,"sceneViewState":{"m_AlwaysRefresh":false,"showFog":true,"showSkybox":true,"showFlares":true,"showImageEffects":true,"showParticleSystems":true,"showVisualEffectGraphs":true,"m_FxEnabled":true},"in2DMode":false,"pivot":{"x":-0.4935559332370758,"y":6.469513893127441,"z":-8.524828910827637},"rotation":{"x":0.06736567616462708,"y":-0.8792579174041748,"z":0.45307907462120058,"w":0.13073521852493287},"size":0.09618063271045685,"orthographic":false}